-- phpMyAdmin SQL Dump
-- version 5.1.1
-- https://www.phpmyadmin.net/
--
-- Host: 127.0.0.1
-- Generation Time: 17 يوليو 2022 الساعة 18:19
-- إصدار الخادم: 10.4.21-MariaDB
-- PHP Version: 8.0.10

SET SQL_MODE = "NO_AUTO_VALUE_ON_ZERO";
START TRANSACTION;
SET time_zone = "+00:00";


/*!40101 SET @OLD_CHARACTER_SET_CLIENT=@@CHARACTER_SET_CLIENT */;
/*!40101 SET @OLD_CHARACTER_SET_RESULTS=@@CHARACTER_SET_RESULTS */;
/*!40101 SET @OLD_COLLATION_CONNECTION=@@COLLATION_CONNECTION */;
/*!40101 SET NAMES utf8mb4 */;

--
-- Database: `py`
--

-- --------------------------------------------------------

--
-- بنية الجدول `auth_group`
--

CREATE TABLE `auth_group` (
  `id` int(11) NOT NULL,
  `name` varchar(150) NOT NULL
) ENGINE=InnoDB DEFAULT CHARSET=utf8mb4;

-- --------------------------------------------------------

--
-- بنية الجدول `auth_group_permissions`
--

CREATE TABLE `auth_group_permissions` (
  `id` bigint(20) NOT NULL,
  `group_id` int(11) NOT NULL,
  `permission_id` int(11) NOT NULL
) ENGINE=InnoDB DEFAULT CHARSET=utf8mb4;

-- --------------------------------------------------------

--
-- بنية الجدول `auth_permission`
--

CREATE TABLE `auth_permission` (
  `id` int(11) NOT NULL,
  `name` varchar(255) NOT NULL,
  `content_type_id` int(11) NOT NULL,
  `codename` varchar(100) NOT NULL
) ENGINE=InnoDB DEFAULT CHARSET=utf8mb4;

--
-- إرجاع أو استيراد بيانات الجدول `auth_permission`
--

INSERT INTO `auth_permission` (`id`, `name`, `content_type_id`, `codename`) VALUES
(1, 'Can add log entry', 1, 'add_logentry'),
(2, 'Can change log entry', 1, 'change_logentry'),
(3, 'Can delete log entry', 1, 'delete_logentry'),
(4, 'Can view log entry', 1, 'view_logentry'),
(5, 'Can add permission', 2, 'add_permission'),
(6, 'Can change permission', 2, 'change_permission'),
(7, 'Can delete permission', 2, 'delete_permission'),
(8, 'Can view permission', 2, 'view_permission'),
(9, 'Can add group', 3, 'add_group'),
(10, 'Can change group', 3, 'change_group'),
(11, 'Can delete group', 3, 'delete_group'),
(12, 'Can view group', 3, 'view_group'),
(13, 'Can add user', 4, 'add_user'),
(14, 'Can change user', 4, 'change_user'),
(15, 'Can delete user', 4, 'delete_user'),
(16, 'Can view user', 4, 'view_user'),
(17, 'Can add content type', 5, 'add_contenttype'),
(18, 'Can change content type', 5, 'change_contenttype'),
(19, 'Can delete content type', 5, 'delete_contenttype'),
(20, 'Can view content type', 5, 'view_contenttype'),
(21, 'Can add session', 6, 'add_session'),
(22, 'Can change session', 6, 'change_session'),
(23, 'Can delete session', 6, 'delete_session'),
(24, 'Can view session', 6, 'view_session'),
(25, 'Can add user', 7, 'add_user'),
(26, 'Can change user', 7, 'change_user'),
(27, 'Can delete user', 7, 'delete_user'),
(28, 'Can view user', 7, 'view_user'),
(29, 'Can add category', 8, 'add_category'),
(30, 'Can change category', 8, 'change_category'),
(31, 'Can delete category', 8, 'delete_category'),
(32, 'Can view category', 8, 'view_category'),
(33, 'Can add producer', 9, 'add_producer'),
(34, 'Can change producer', 9, 'change_producer'),
(35, 'Can delete producer', 9, 'delete_producer'),
(36, 'Can view producer', 9, 'view_producer'),
(37, 'Can add brand', 10, 'add_brand'),
(38, 'Can change brand', 10, 'change_brand'),
(39, 'Can delete brand', 10, 'delete_brand'),
(40, 'Can view brand', 10, 'view_brand'),
(41, 'Can add pcategory', 11, 'add_pcategory'),
(42, 'Can change pcategory', 11, 'change_pcategory'),
(43, 'Can delete pcategory', 11, 'delete_pcategory'),
(44, 'Can view pcategory', 11, 'view_pcategory'),
(45, 'Can add order', 12, 'add_order'),
(46, 'Can change order', 12, 'change_order'),
(47, 'Can delete order', 12, 'delete_order'),
(48, 'Can view order', 12, 'view_order'),
(49, 'Can add order item', 13, 'add_orderitem'),
(50, 'Can change order item', 13, 'change_orderitem'),
(51, 'Can delete order item', 13, 'delete_orderitem'),
(52, 'Can view order item', 13, 'view_orderitem'),
(53, 'Can add product', 14, 'add_product'),
(54, 'Can change product', 14, 'change_product'),
(55, 'Can delete product', 14, 'delete_product'),
(56, 'Can view product', 14, 'view_product'),
(57, 'Can add phones', 15, 'add_phones'),
(58, 'Can change phones', 15, 'change_phones'),
(59, 'Can delete phones', 15, 'delete_phones'),
(60, 'Can view phones', 15, 'view_phones'),
(61, 'Can add pproduct', 16, 'add_pproduct'),
(62, 'Can change pproduct', 16, 'change_pproduct'),
(63, 'Can delete pproduct', 16, 'delete_pproduct'),
(64, 'Can view pproduct', 16, 'view_pproduct'),
(65, 'Can add types', 17, 'add_types'),
(66, 'Can change types', 17, 'change_types'),
(67, 'Can delete types', 17, 'delete_types'),
(68, 'Can view types', 17, 'view_types'),
(69, 'Can add types', 18, 'add_types'),
(70, 'Can change types', 18, 'change_types'),
(71, 'Can delete types', 18, 'delete_types'),
(72, 'Can view types', 18, 'view_types'),
(73, 'Can add phones', 19, 'add_phones'),
(74, 'Can change phones', 19, 'change_phones'),
(75, 'Can delete phones', 19, 'delete_phones'),
(76, 'Can view phones', 19, 'view_phones'),
(77, 'Can add det', 20, 'add_det'),
(78, 'Can change det', 20, 'change_det'),
(79, 'Can delete det', 20, 'delete_det'),
(80, 'Can view det', 20, 'view_det');

-- --------------------------------------------------------

--
-- بنية الجدول `auth_user`
--

CREATE TABLE `auth_user` (
  `id` int(11) NOT NULL,
  `password` varchar(128) NOT NULL,
  `last_login` datetime(6) DEFAULT NULL,
  `is_superuser` tinyint(1) NOT NULL,
  `username` varchar(150) NOT NULL,
  `first_name` varchar(150) NOT NULL,
  `last_name` varchar(150) NOT NULL,
  `email` varchar(254) NOT NULL,
  `is_staff` tinyint(1) NOT NULL,
  `is_active` tinyint(1) NOT NULL,
  `date_joined` datetime(6) NOT NULL
) ENGINE=InnoDB DEFAULT CHARSET=utf8mb4;

--
-- إرجاع أو استيراد بيانات الجدول `auth_user`
--

INSERT INTO `auth_user` (`id`, `password`, `last_login`, `is_superuser`, `username`, `first_name`, `last_name`, `email`, `is_staff`, `is_active`, `date_joined`) VALUES
(1, 'pbkdf2_sha256$320000$Xs6T1cFyFJnEolC8nVK1FC$kBw/NGicKAxkXzX69fcnRvkvZlGvyXfkRHS0+XzamEo=', '2022-03-27 12:02:45.324293', 1, 'eid_hamada22', '', '', 'hamada.c.o.f@gmail.com', 1, 1, '2022-03-27 12:02:06.641245'),
(2, 'pbkdf2_sha256$320000$oSoCG45cSgcizO8Oo3nS57$/ukcbAPAFxBIfR18OGwF9qjJazD8o32WAH21Tly/RkM=', '2022-04-09 10:35:34.080466', 1, 'eed', '', '', '', 1, 1, '2022-04-09 07:34:41.523517'),
(3, 'pbkdf2_sha256$320000$dk7IY08KJOWASRUPy5bibP$0+MGw2nXcpyuRg49Jho3jPwsajJAZ/k876Wxfrg9ut4=', '2022-07-10 13:56:07.641704', 1, 'atc', '', '', '', 1, 1, '2022-06-21 02:13:10.386976');

-- --------------------------------------------------------

--
-- بنية الجدول `auth_user_groups`
--

CREATE TABLE `auth_user_groups` (
  `id` bigint(20) NOT NULL,
  `user_id` int(11) NOT NULL,
  `group_id` int(11) NOT NULL
) ENGINE=InnoDB DEFAULT CHARSET=utf8mb4;

-- --------------------------------------------------------

--
-- بنية الجدول `auth_user_user_permissions`
--

CREATE TABLE `auth_user_user_permissions` (
  `id` bigint(20) NOT NULL,
  `user_id` int(11) NOT NULL,
  `permission_id` int(11) NOT NULL
) ENGINE=InnoDB DEFAULT CHARSET=utf8mb4;

-- --------------------------------------------------------

--
-- بنية الجدول `django_admin_log`
--

CREATE TABLE `django_admin_log` (
  `id` int(11) NOT NULL,
  `action_time` datetime(6) NOT NULL,
  `object_id` longtext DEFAULT NULL,
  `object_repr` varchar(200) NOT NULL,
  `action_flag` smallint(5) UNSIGNED NOT NULL CHECK (`action_flag` >= 0),
  `change_message` longtext NOT NULL,
  `content_type_id` int(11) DEFAULT NULL,
  `user_id` int(11) NOT NULL
) ENGINE=InnoDB DEFAULT CHARSET=utf8mb4;

--
-- إرجاع أو استيراد بيانات الجدول `django_admin_log`
--

INSERT INTO `django_admin_log` (`id`, `action_time`, `object_id`, `object_repr`, `action_flag`, `change_message`, `content_type_id`, `user_id`) VALUES
(1, '2022-03-28 12:23:05.963996', '1', 'Category object (1)', 1, '[{\"added\": {}}]', 8, 1),
(2, '2022-03-28 12:23:38.185828', '1', 'ملابس', 2, '[]', 8, 1),
(3, '2022-03-28 12:25:30.054722', '2', 'الجمال والعطور', 1, '[{\"added\": {}}]', 8, 1),
(4, '2022-03-28 12:25:55.183438', '3', 'المنزل والمطبخ', 1, '[{\"added\": {}}]', 8, 1),
(5, '2022-03-28 12:26:30.909597', '4', 'الرياضة ومستلزمتها', 1, '[{\"added\": {}}]', 8, 1),
(6, '2022-03-28 12:31:10.786871', '5', 'إلكترونيات وأجهزة منزلية', 1, '[{\"added\": {}}]', 8, 1),
(7, '2022-03-28 12:32:01.853230', '6', 'هواتف ومستلزماتها', 1, '[{\"added\": {}}]', 8, 1),
(8, '2022-03-28 12:32:49.479621', '7', 'الكمبيوتر والألعاب', 1, '[{\"added\": {}}]', 8, 1),
(9, '2022-03-28 12:33:05.305366', '8', 'منتجات الاطفال', 1, '[{\"added\": {}}]', 8, 1),
(10, '2022-03-28 12:33:22.243021', '9', 'الكتب', 1, '[{\"added\": {}}]', 8, 1),
(11, '2022-03-28 12:34:32.972990', '10', 'الحقائب والأحذية', 1, '[{\"added\": {}}]', 8, 1),
(12, '2022-03-28 12:36:58.976573', '11', 'الساعات والخواتم والحلي', 1, '[{\"added\": {}}]', 8, 1),
(13, '2022-03-28 12:40:10.268781', '8', 'منتجات الأطفال', 2, '[{\"changed\": {\"fields\": [\"Name\"]}}]', 8, 1),
(14, '2022-03-28 12:40:24.932005', '12', 'الألعاب', 1, '[{\"added\": {}}]', 8, 1),
(15, '2022-03-28 12:41:00.459869', '13', 'لوازم الحيوانات الاليفة', 1, '[{\"added\": {}}]', 8, 1),
(16, '2022-03-28 12:41:23.293969', '14', 'لوازم مكتبية', 1, '[{\"added\": {}}]', 8, 1),
(17, '2022-03-28 12:42:09.846504', '15', 'مستلزمات السيارات', 1, '[{\"added\": {}}]', 8, 1),
(18, '2022-03-28 16:56:09.468284', '1', 'apple', 1, '[{\"added\": {}}]', 10, 1),
(19, '2022-03-28 19:19:59.679439', '1', 'آيفون 13 برو ماكس 256 جيجابايت  5g', 1, '[{\"added\": {}}]', 9, 1),
(20, '2022-04-09 07:48:49.733980', '16', 'EED', 1, '[{\"added\": {}}]', 8, 2),
(21, '2022-04-09 07:51:52.141076', '16', 'EED', 3, '', 8, 2),
(22, '2022-04-09 07:51:52.212884', '15', 'مستلزمات السيارات', 3, '', 8, 2),
(23, '2022-04-09 07:51:52.372456', '14', 'لوازم مكتبية', 3, '', 8, 2),
(24, '2022-04-09 07:51:52.447257', '13', 'لوازم الحيوانات الاليفة', 3, '', 8, 2),
(25, '2022-04-09 07:51:52.537016', '12', 'الألعاب', 3, '', 8, 2),
(26, '2022-04-09 07:51:52.602839', '11', 'الساعات والخواتم والحلي', 3, '', 8, 2),
(27, '2022-04-09 07:51:52.630765', '10', 'الحقائب والأحذية', 3, '', 8, 2),
(28, '2022-04-09 07:51:52.704568', '9', 'الكتب', 3, '', 8, 2),
(29, '2022-04-09 07:51:52.840204', '8', 'منتجات الأطفال', 3, '', 8, 2),
(30, '2022-04-09 07:51:53.033687', '7', 'الكمبيوتر والألعاب', 3, '', 8, 2),
(31, '2022-04-09 07:51:53.153366', '6', 'هواتف ومستلزماتها', 3, '', 8, 2),
(32, '2022-04-09 07:51:53.206225', '5', 'إلكترونيات وأجهزة منزلية', 3, '', 8, 2),
(33, '2022-04-09 07:51:53.253100', '4', 'الرياضة ومستلزمتها', 3, '', 8, 2),
(34, '2022-04-09 07:51:53.320919', '3', 'المنزل والمطبخ', 3, '', 8, 2),
(35, '2022-04-09 07:51:53.353830', '2', 'الجمال والعطور', 3, '', 8, 2),
(36, '2022-04-09 07:51:53.387744', '1', 'ملابس', 3, '', 8, 2),
(37, '2022-04-09 09:11:05.279085', '1', 'الإلكترونيات والهواتف', 1, '[{\"added\": {}}]', 11, 2),
(38, '2022-04-09 10:36:41.391003', '2', 'الجمال والعناية', 1, '[{\"added\": {}}]', 11, 2),
(39, '2022-04-09 10:37:05.631888', '3', 'الرياضة والأنشطة الخارجية', 1, '[{\"added\": {}}]', 11, 2),
(40, '2022-04-09 10:37:41.026805', '4', 'الألعاب', 1, '[{\"added\": {}}]', 11, 2),
(41, '2022-04-09 11:11:13.058528', '5', 'العطور والبخور', 1, '[{\"added\": {}}]', 11, 2),
(42, '2022-04-09 11:42:27.582191', '6', 'الألعاب الإلكترونية وأجهزتها', 1, '[{\"added\": {}}]', 11, 2),
(43, '2022-04-09 11:43:28.909245', '7', 'لوازم مكتبية', 1, '[{\"added\": {}}]', 11, 2),
(44, '2022-04-09 11:47:03.985513', '8', 'الكنب والكراسات المدرسية', 1, '[{\"added\": {}}]', 11, 2),
(45, '2022-04-09 11:51:26.352954', '9', 'الأحذية الماركة', 1, '[{\"added\": {}}]', 11, 2),
(46, '2022-04-09 11:53:44.685428', '17', 'عطور رجالية', 1, '[{\"added\": {}}]', 8, 2),
(47, '2022-04-09 11:53:59.384968', '18', 'عطور نسائية', 1, '[{\"added\": {}}]', 8, 2),
(48, '2022-04-09 11:54:20.359495', '19', 'العناية بالبشرة', 1, '[{\"added\": {}}]', 8, 2),
(49, '2022-04-09 11:54:26.785583', '17', 'عطور رجالية', 2, '[]', 8, 2),
(50, '2022-04-09 11:54:59.339465', '20', 'الهواتف', 1, '[{\"added\": {}}]', 8, 2),
(51, '2022-04-09 11:55:33.621746', '21', 'التابلت(الايباد)', 1, '[{\"added\": {}}]', 8, 2),
(52, '2022-04-09 11:55:57.612421', '22', 'اللابتوب', 1, '[{\"added\": {}}]', 8, 2),
(53, '2022-04-09 11:56:23.277251', '23', 'أجهزة الكمبيوتر المجمعة', 1, '[{\"added\": {}}]', 8, 2),
(54, '2022-04-09 11:56:34.400276', '24', 'قطع الكمبيوتر', 1, '[{\"added\": {}}]', 8, 2),
(55, '2022-04-09 11:56:48.990228', '23', 'أجهزة الكمبيوتر المجمعة', 2, '[{\"changed\": {\"fields\": [\"Pcategory\"]}}]', 8, 2),
(56, '2022-04-09 11:57:07.438167', '5', 'العطور والبخور2', 2, '[{\"changed\": {\"fields\": [\"Name\"]}}]', 11, 2),
(57, '2022-04-09 11:58:21.495910', '5', 'العطور والبخور', 2, '[{\"changed\": {\"fields\": [\"Name\"]}}]', 11, 2),
(58, '2022-04-09 11:58:57.395869', '25', 'الساعات الذكية', 1, '[{\"added\": {}}]', 8, 2),
(59, '2022-04-09 11:59:35.914339', '26', 'السماعات والميكروفون', 1, '[{\"added\": {}}]', 8, 2),
(60, '2022-04-09 11:59:48.722551', '27', 'الطابعات والفاكس', 1, '[{\"added\": {}}]', 8, 2),
(61, '2022-04-09 12:00:04.615737', '28', 'أجهزة التلفاز', 1, '[{\"added\": {}}]', 8, 2),
(62, '2022-04-09 12:06:29.120062', '29', 'شواحن الأجهزة', 1, '[{\"added\": {}}]', 8, 2),
(63, '2022-04-09 12:06:40.502908', '30', 'باور بانك', 1, '[{\"added\": {}}]', 8, 2),
(64, '2022-04-09 12:07:02.427004', '31', 'كاميرات التصوير الاحترافية', 1, '[{\"added\": {}}]', 8, 2),
(65, '2022-04-09 12:07:45.798769', '32', 'الحلاقة وتسريح الشعر', 1, '[{\"added\": {}}]', 8, 2),
(66, '2022-04-09 12:07:55.117214', '33', 'كريمات الشعر', 1, '[{\"added\": {}}]', 8, 2),
(67, '2022-04-09 12:08:56.923413', '10', 'الملابس', 1, '[{\"added\": {}}]', 11, 2),
(68, '2022-04-09 12:09:12.741590', '34', 'ملابس البنات', 1, '[{\"added\": {}}]', 8, 2),
(69, '2022-04-09 12:17:56.863392', '34', 'ملابس نسائية', 2, '[{\"changed\": {\"fields\": [\"Name\"]}}]', 8, 2),
(70, '2022-04-09 12:18:16.171490', '35', 'ملابس رجالية', 1, '[{\"added\": {}}]', 8, 2),
(71, '2022-04-09 12:18:56.328465', '11', 'الساعات والخواتم والحلي', 1, '[{\"added\": {}}]', 11, 2),
(72, '2022-04-09 12:19:02.851197', '36', 'الساعات', 1, '[{\"added\": {}}]', 8, 2),
(73, '2022-04-09 12:19:29.550324', '37', 'النظارات', 1, '[{\"added\": {}}]', 8, 2),
(74, '2022-04-09 12:19:52.349664', '38', 'الحقائب النسائية', 1, '[{\"added\": {}}]', 8, 2),
(75, '2022-04-09 12:20:07.428467', '39', 'الحقائب المدرسية', 1, '[{\"added\": {}}]', 8, 2),
(76, '2022-04-09 12:20:25.690192', '40', 'الأحذية الرياضية', 1, '[{\"added\": {}}]', 8, 2),
(77, '2022-04-09 12:20:39.052246', '41', 'الأحذية الرسمية', 1, '[{\"added\": {}}]', 8, 2),
(78, '2022-04-09 12:21:26.541488', '42', 'الأحذية الشبابية', 1, '[{\"added\": {}}]', 8, 2),
(79, '2022-04-09 12:21:43.767550', '43', 'الأحذية النسائية', 1, '[{\"added\": {}}]', 8, 2),
(80, '2022-04-09 12:21:59.648799', '44', 'احذية الأطفال', 1, '[{\"added\": {}}]', 8, 2),
(81, '2022-04-09 12:26:43.097413', '12', 'مستلزمات الحيوانات الأليفة', 1, '[{\"added\": {}}]', 11, 2),
(82, '2022-04-09 12:26:48.744442', '45', 'طعام القطط', 1, '[{\"added\": {}}]', 8, 2),
(83, '2022-04-09 12:26:57.697349', '46', 'طعام الكلاب', 1, '[{\"added\": {}}]', 8, 2),
(84, '2022-04-09 12:27:06.763277', '47', 'طعام العصافير', 1, '[{\"added\": {}}]', 8, 2),
(85, '2022-04-09 12:27:19.545345', '48', 'طعام الأسماك', 1, '[{\"added\": {}}]', 8, 2),
(86, '2022-04-09 12:28:09.244239', '49', 'اطواق الحيوانات', 1, '[{\"added\": {}}]', 8, 2),
(87, '2022-04-09 12:28:53.321124', '50', 'العاب الحيوانات', 1, '[{\"added\": {}}]', 8, 2),
(88, '2022-04-09 12:28:56.412194', '50', 'العاب الحيوانات', 2, '[]', 8, 2),
(89, '2022-04-09 12:29:21.107270', '51', 'المفارش والبيوت', 1, '[{\"added\": {}}]', 8, 2),
(90, '2022-04-09 12:29:34.762608', '50', 'الألعاب', 2, '[{\"changed\": {\"fields\": [\"Name\"]}}]', 8, 2),
(91, '2022-04-09 12:30:01.462855', '49', 'الاطواق', 2, '[{\"changed\": {\"fields\": [\"Name\"]}}]', 8, 2),
(92, '2022-04-09 12:30:32.269796', '52', 'أدوات الطعام', 1, '[{\"added\": {}}]', 8, 2),
(93, '2022-04-09 12:30:54.322926', '53', 'الحلويات', 1, '[{\"added\": {}}]', 8, 2),
(94, '2022-04-09 12:31:04.267829', '54', 'الشامبو والمنظفات', 1, '[{\"added\": {}}]', 8, 2),
(95, '2022-04-09 12:37:59.393149', '41', 'الأحذية الرسمية >> الأحذية الماركة', 2, '[{\"changed\": {\"fields\": [\"Pcategory\"]}}]', 8, 2),
(96, '2022-04-09 12:38:05.078951', '52', 'أدوات الطعام >> مستلزمات الحيوانات الأليفة', 2, '[{\"changed\": {\"fields\": [\"Pcategory\"]}}]', 8, 2),
(97, '2022-04-09 14:32:57.756401', '55', 'الرياضة والأنشطة الخارجية >> تمارين الكادريو', 1, '[{\"added\": {}}]', 8, 2),
(98, '2022-04-09 14:33:03.787423', '56', 'الرياضة والأنشطة الخارجية >> معدات القوة البدنية', 1, '[{\"added\": {}}]', 8, 2),
(99, '2022-04-09 14:33:09.742329', '57', 'الرياضة والأنشطة الخارجية >> اليوجا', 1, '[{\"added\": {}}]', 8, 2),
(100, '2022-04-09 14:33:15.010890', '58', 'الرياضة والأنشطة الخارجية >> الرياضات الجماعية', 1, '[{\"added\": {}}]', 8, 2),
(101, '2022-04-09 14:33:19.865453', '59', 'الرياضة والأنشطة الخارجية >> الجري والتمرين', 1, '[{\"added\": {}}]', 8, 2),
(102, '2022-04-09 14:33:24.971300', '60', 'الرياضة والأنشطة الخارجية >> الملاكمة والمصارعة', 1, '[{\"added\": {}}]', 8, 2),
(103, '2022-04-09 14:33:34.844317', '61', 'الرياضة والأنشطة الخارجية >> ركوب الدرجات', 1, '[{\"added\": {}}]', 8, 2),
(104, '2022-04-09 14:33:49.484155', '62', 'الرياضة والأنشطة الخارجية >> التخييم والرحلات', 1, '[{\"added\": {}}]', 8, 2),
(105, '2022-04-09 14:34:01.862280', '63', 'الرياضة والأنشطة الخارجية >> السباحة والرياضات المائية', 1, '[{\"added\": {}}]', 8, 2),
(106, '2022-04-10 15:19:22.878609', '64', 'الألعاب >> العاب البناء', 1, '[{\"added\": {}}]', 8, 2),
(107, '2022-04-10 15:20:05.546713', '65', 'الألعاب >> الفنون والحرف', 1, '[{\"added\": {}}]', 8, 2),
(108, '2022-04-10 15:20:14.723581', '66', 'الألعاب >> الدمي واكسسوارتها', 1, '[{\"added\": {}}]', 8, 2),
(109, '2022-04-10 15:20:20.735615', '67', 'الألعاب >> شخصيات وتماثيل', 1, '[{\"added\": {}}]', 8, 2),
(110, '2022-04-10 15:20:41.674555', '68', 'الألعاب >> الرياضة والألعاب الخارجية', 1, '[{\"added\": {}}]', 8, 2),
(111, '2022-04-10 15:20:47.448455', '69', 'الألعاب >> مركبات بجهاز تحكم عن بعد', 1, '[{\"added\": {}}]', 8, 2),
(112, '2022-04-10 15:21:05.831437', '70', 'الألعاب >> درجات وسكوترات وعربات', 1, '[{\"added\": {}}]', 8, 2),
(113, '2022-04-10 15:21:12.335686', '71', 'الألعاب >> العاب اطفال', 1, '[{\"added\": {}}]', 8, 2),
(114, '2022-04-10 15:21:15.452384', '72', 'None >> العاب الطاولة', 1, '[{\"added\": {}}]', 8, 2),
(115, '2022-04-10 15:22:51.351046', '73', 'الملابس >> ملابس واحذية اطفال', 1, '[{\"added\": {}}]', 8, 2),
(116, '2022-04-10 15:23:00.462685', '74', 'الملابس >> ملابس الحمل', 1, '[{\"added\": {}}]', 8, 2),
(117, '2022-04-10 15:34:22.214662', '13', 'الصحة', 1, '[{\"added\": {}}]', 11, 2),
(118, '2022-04-10 15:34:30.236785', '75', 'الصحة >> العناية الصحية', 1, '[{\"added\": {}}]', 8, 2),
(119, '2022-04-10 15:34:39.631679', '76', 'الصحة >> اسعافات اولية', 1, '[{\"added\": {}}]', 8, 2),
(120, '2022-04-10 15:34:53.911002', '77', 'الجمال والعناية >> ماسكات الوجه', 1, '[{\"added\": {}}]', 8, 2),
(121, '2022-04-10 15:34:58.766959', '78', 'الصحة >> المستلزمات الطبية اليومية', 1, '[{\"added\": {}}]', 8, 2),
(122, '2022-04-10 15:35:03.715710', '79', 'الصحة >> موازين الحرارة', 1, '[{\"added\": {}}]', 8, 2),
(123, '2022-04-10 15:35:08.167037', '80', 'الصحة >> الفيتامينات والمكملات الغذائية', 1, '[{\"added\": {}}]', 8, 2),
(124, '2022-04-10 15:35:16.318788', '81', 'الصحة >> التغذية بالأعشاب', 1, '[{\"added\": {}}]', 8, 2),
(125, '2022-04-10 15:35:20.928730', '82', 'الصحة >> الصحة والتخلص من السموم', 1, '[{\"added\": {}}]', 8, 2),
(126, '2022-04-10 15:35:32.728676', '83', 'الصحة >> التدليك والاسترخاء', 1, '[{\"added\": {}}]', 8, 2),
(127, '2022-04-10 15:35:44.632655', '84', 'الصحة >> اجهزة مراقبة الصحة', 1, '[{\"added\": {}}]', 8, 2),
(128, '2022-04-10 15:35:51.879707', '85', 'الصحة >> الموازين', 1, '[{\"added\": {}}]', 8, 2),
(129, '2022-04-10 15:35:57.234599', '86', 'الصحة >> المعقمات', 1, '[{\"added\": {}}]', 8, 2),
(130, '2022-04-10 15:36:04.413557', '87', 'الصحة >> التغذية الرياضية', 1, '[{\"added\": {}}]', 8, 2),
(131, '2022-04-10 15:37:14.601381', '88', 'الكنب والكراسات المدرسية >> الكتب والروايات', 1, '[{\"added\": {}}]', 8, 2),
(132, '2022-04-10 15:37:53.834443', '89', 'الكنب والكراسات المدرسية >> كتب خيالية', 1, '[{\"added\": {}}]', 8, 2),
(133, '2022-04-10 15:38:01.493465', '90', 'الكنب والكراسات المدرسية >> كتب أطفال', 1, '[{\"added\": {}}]', 8, 2),
(134, '2022-04-10 15:38:08.827225', '91', 'الكنب والكراسات المدرسية >> مال واعمال', 1, '[{\"added\": {}}]', 8, 2),
(135, '2022-04-10 15:38:15.572383', '92', 'الكنب والكراسات المدرسية >> سير ذاتية', 1, '[{\"added\": {}}]', 8, 2),
(136, '2022-04-10 15:38:41.354552', '93', 'الكنب والكراسات المدرسية >> الجريمة والغموض', 1, '[{\"added\": {}}]', 8, 2),
(137, '2022-04-10 15:38:48.109371', '94', 'الكنب والكراسات المدرسية >> التاريخ', 1, '[{\"added\": {}}]', 8, 2),
(138, '2022-04-10 15:38:55.708262', '95', 'الكنب والكراسات المدرسية >> المراجع', 1, '[{\"added\": {}}]', 8, 2),
(139, '2022-04-10 15:39:22.661138', '96', 'الكنب والكراسات المدرسية >> تطوير الذات', 1, '[{\"added\": {}}]', 8, 2),
(140, '2022-04-10 15:39:36.338251', '97', 'الكنب والكراسات المدرسية >> كتب الطهي', 1, '[{\"added\": {}}]', 8, 2),
(141, '2022-04-10 15:39:51.420127', '98', 'الكنب والكراسات المدرسية >> الكتب المدرسية', 1, '[{\"added\": {}}]', 8, 2),
(142, '2022-04-10 15:40:54.681951', '99', 'الكنب والكراسات المدرسية >> ملازم التوجيهي', 1, '[{\"added\": {}}]', 8, 2),
(143, '2022-04-10 15:41:14.409080', '100', 'لوازم مكتبية >> طابعات', 1, '[{\"added\": {}}]', 8, 2),
(144, '2022-04-10 15:41:19.120032', '101', 'لوازم مكتبية >> احبار', 1, '[{\"added\": {}}]', 8, 2),
(145, '2022-04-10 15:41:26.640371', '102', 'لوازم مكتبية >> مستلزمات الفنون والحرف اليدوية', 1, '[{\"added\": {}}]', 8, 2),
(146, '2022-04-10 15:41:43.170514', '103', 'لوازم مكتبية >> الأقلام والعبوات', 1, '[{\"added\": {}}]', 8, 2),
(147, '2022-04-10 15:41:56.621924', '104', 'لوازم مكتبية >> أقلام الماركر والتظليل', 1, '[{\"added\": {}}]', 8, 2),
(148, '2022-04-10 15:42:03.548837', '105', 'لوازم مكتبية >> الاكسسوارات وادوات تنظيم المكتب', 1, '[{\"added\": {}}]', 8, 2),
(149, '2022-04-10 15:42:18.849793', '106', 'لوازم مكتبية >> أجهزة القطع والقياس', 1, '[{\"added\": {}}]', 8, 2),
(150, '2022-06-25 11:00:11.810611', '1', 'apple', 2, '[{\"changed\": {\"fields\": [\"Category\"]}}]', 10, 3),
(151, '2022-06-25 11:13:30.226543', '1', 'سماعة ابل ايربود برو الاصدرا الثالث apple Airbods pro3', 1, '[{\"added\": {}}]', 14, 3),
(152, '2022-06-25 11:15:23.860976', '1', 'سماعة ابل ايربود برو الاصدرا الثالث apple Airbods pro3', 2, '[]', 14, 3),
(153, '2022-06-25 11:15:52.875673', '1', 'سماعة ابل ايربود برو الاصدرا الثالث apple Airbods pro3', 2, '[]', 14, 3),
(154, '2022-06-25 11:51:15.340282', '1', 'سماعة ابل ايربود برو الاصدرا الثالث apple Airbods pro3', 2, '[{\"changed\": {\"fields\": [\"Img\"]}}]', 14, 3),
(155, '2022-06-25 12:22:17.552612', '1', 'apple-airbods-pro3', 2, '[{\"changed\": {\"fields\": [\"Product number\"]}}]', 14, 3),
(156, '2022-07-10 19:45:17.195235', '1', 'iphon-13-pro-max', 1, '[{\"added\": {}}]', 16, 3),
(157, '2022-07-10 19:48:20.748207', '2', '2', 1, '[{\"added\": {}}]', 19, 3),
(158, '2022-07-10 19:48:27.221179', '1', '1', 1, '[{\"added\": {}}]', 18, 3),
(159, '2022-07-10 19:48:42.407281', '2', 'iphon-13-pro-max', 1, '[{\"added\": {}}]', 14, 3),
(160, '2022-07-10 19:50:55.912277', '3', '3', 1, '[{\"added\": {}}]', 19, 3),
(161, '2022-07-10 19:50:58.057971', '2', '2', 1, '[{\"added\": {}}]', 18, 3),
(162, '2022-07-10 19:56:32.671172', '6', 'iphon-13-pro-max-blue', 1, '[{\"added\": {}}]', 14, 3),
(163, '2022-07-10 19:59:11.425227', '4', '4', 1, '[{\"added\": {}}]', 19, 3),
(164, '2022-07-10 19:59:14.367865', '3', '3', 1, '[{\"added\": {}}]', 18, 3),
(165, '2022-07-10 19:59:18.255950', '7', 'iphon-13-pro-max-purbel', 1, '[{\"added\": {}}]', 14, 3),
(166, '2022-07-10 19:59:44.344294', '2', 'iphon-13-pro-max-gold', 2, '[{\"changed\": {\"fields\": [\"Name\", \"Slug\"]}}]', 14, 3),
(167, '2022-07-15 15:49:33.024508', '1', '1', 1, '[{\"added\": {}}]', 20, 3),
(168, '2022-07-15 15:49:35.940076', '2', 'iphon-13-pro-max-gold', 2, '[{\"changed\": {\"fields\": [\"Det\"]}}]', 14, 3),
(169, '2022-07-15 15:49:47.707469', '2', '2', 1, '[{\"added\": {}}]', 20, 3),
(170, '2022-07-15 15:49:49.874471', '6', 'iphon-13-pro-max-blue', 2, '[{\"changed\": {\"fields\": [\"Det\"]}}]', 14, 3),
(171, '2022-07-15 15:49:57.592863', '3', '3', 1, '[{\"added\": {}}]', 20, 3),
(172, '2022-07-15 15:49:59.750755', '7', 'iphon-13-pro-max-purbel', 2, '[{\"changed\": {\"fields\": [\"Det\"]}}]', 14, 3),
(173, '2022-07-15 16:22:37.258860', '107', 'phones', 1, '[{\"added\": {}}]', 8, 3),
(174, '2022-07-15 16:22:55.623901', '7', 'iphon-13-pro-max-purbel', 2, '[{\"changed\": {\"fields\": [\"Category\"]}}]', 14, 3),
(175, '2022-07-15 16:23:03.318395', '6', 'iphon-13-pro-max-blue', 2, '[{\"changed\": {\"fields\": [\"Category\"]}}]', 14, 3),
(176, '2022-07-15 16:23:09.367868', '2', 'iphon-13-pro-max-gold', 2, '[{\"changed\": {\"fields\": [\"Category\"]}}]', 14, 3),
(177, '2022-07-15 17:06:41.110070', '5', '5', 1, '[{\"added\": {}}]', 19, 3),
(178, '2022-07-15 17:12:18.531162', '4', '4', 1, '[{\"added\": {}}]', 20, 3),
(179, '2022-07-15 17:18:46.489543', '6', '6', 1, '[{\"added\": {}}]', 19, 3),
(180, '2022-07-15 17:18:47.592057', '5', '5', 1, '[{\"added\": {}}]', 20, 3),
(181, '2022-07-15 18:29:57.005798', '7', 'iphon-13-pro-max-purbel', 2, '[{\"changed\": {\"fields\": [\"Rel id\"]}}]', 14, 3),
(182, '2022-07-15 18:30:02.477151', '7', 'iphon-13-pro-max-purbel', 2, '[]', 14, 3),
(183, '2022-07-15 18:30:07.014063', '7', 'iphon-13-pro-max-purbel', 2, '[]', 14, 3),
(184, '2022-07-15 18:30:16.146376', '6', 'iphon-13-pro-max-blue', 2, '[{\"changed\": {\"fields\": [\"Rel id\"]}}]', 14, 3),
(185, '2022-07-15 18:30:25.343351', '2', 'iphon-13-pro-max-gold', 2, '[{\"changed\": {\"fields\": [\"Rel id\"]}}]', 14, 3),
(186, '2022-07-15 20:10:16.610340', '2', '2', 2, '[]', 19, 3),
(187, '2022-07-15 20:15:05.583234', '6', '6', 2, '[{\"changed\": {\"fields\": [\"Internal memory\"]}}]', 19, 3),
(188, '2022-07-15 20:15:27.865834', '5', '5', 2, '[{\"changed\": {\"fields\": [\"Internal memory\"]}}]', 19, 3),
(189, '2022-07-15 20:17:43.326684', '2', '2', 2, '[]', 19, 3),
(190, '2022-07-15 20:35:44.168794', '2', '2', 2, '[{\"changed\": {\"fields\": [\"Version\"]}}]', 19, 3);

-- --------------------------------------------------------

--
-- بنية الجدول `django_content_type`
--

CREATE TABLE `django_content_type` (
  `id` int(11) NOT NULL,
  `app_label` varchar(100) NOT NULL,
  `model` varchar(100) NOT NULL
) ENGINE=InnoDB DEFAULT CHARSET=utf8mb4;

--
-- إرجاع أو استيراد بيانات الجدول `django_content_type`
--

INSERT INTO `django_content_type` (`id`, `app_label`, `model`) VALUES
(1, 'admin', 'logentry'),
(3, 'auth', 'group'),
(2, 'auth', 'permission'),
(4, 'auth', 'user'),
(5, 'contenttypes', 'contenttype'),
(10, 'pages', 'brand'),
(8, 'pages', 'category'),
(12, 'pages', 'order'),
(13, 'pages', 'orderitem'),
(11, 'pages', 'pcategory'),
(15, 'pages', 'phones'),
(16, 'pages', 'pproduct'),
(9, 'pages', 'producer'),
(14, 'pages', 'product'),
(17, 'pages', 'types'),
(7, 'pages', 'user'),
(20, 'products', 'det'),
(19, 'products', 'phones'),
(18, 'products', 'types'),
(6, 'sessions', 'session');

-- --------------------------------------------------------

--
-- بنية الجدول `django_migrations`
--

CREATE TABLE `django_migrations` (
  `id` bigint(20) NOT NULL,
  `app` varchar(255) NOT NULL,
  `name` varchar(255) NOT NULL,
  `applied` datetime(6) NOT NULL
) ENGINE=InnoDB DEFAULT CHARSET=utf8mb4;

--
-- إرجاع أو استيراد بيانات الجدول `django_migrations`
--

INSERT INTO `django_migrations` (`id`, `app`, `name`, `applied`) VALUES
(1, 'contenttypes', '0001_initial', '2022-03-27 09:53:15.826585'),
(2, 'auth', '0001_initial', '2022-03-27 09:53:29.203787'),
(3, 'admin', '0001_initial', '2022-03-27 09:53:32.228501'),
(4, 'admin', '0002_logentry_remove_auto_add', '2022-03-27 09:53:32.284353'),
(5, 'admin', '0003_logentry_add_action_flag_choices', '2022-03-27 09:53:32.470062'),
(6, 'contenttypes', '0002_remove_content_type_name', '2022-03-27 09:53:34.716743'),
(7, 'auth', '0002_alter_permission_name_max_length', '2022-03-27 09:53:36.148012'),
(8, 'auth', '0003_alter_user_email_max_length', '2022-03-27 09:53:37.023814'),
(9, 'auth', '0004_alter_user_username_opts', '2022-03-27 09:53:37.160458'),
(10, 'auth', '0005_alter_user_last_login_null', '2022-03-27 09:53:37.761639'),
(11, 'auth', '0006_require_contenttypes_0002', '2022-03-27 09:53:37.882815'),
(12, 'auth', '0007_alter_validators_add_error_messages', '2022-03-27 09:53:38.101750'),
(13, 'auth', '0008_alter_user_username_max_length', '2022-03-27 09:53:38.724833'),
(14, 'auth', '0009_alter_user_last_name_max_length', '2022-03-27 09:53:38.914780'),
(15, 'auth', '0010_alter_group_name_max_length', '2022-03-27 09:53:39.084581'),
(16, 'auth', '0011_update_proxy_permissions', '2022-03-27 09:53:39.215565'),
(17, 'auth', '0012_alter_user_first_name_max_length', '2022-03-27 09:53:39.411639'),
(18, 'sessions', '0001_initial', '2022-03-27 09:53:40.117051'),
(19, 'pages', '0001_initial', '2022-03-27 09:58:50.136600'),
(20, 'pages', '0002_user_age_user_gender_user_password_user_phone_and_more', '2022-03-27 12:19:16.147321'),
(21, 'pages', '0003_remove_user_name_user_fname_user_lname_and_more', '2022-03-27 12:29:11.541253'),
(22, 'pages', '0004_category_producer', '2022-03-28 12:21:05.296934'),
(23, 'pages', '0005_alter_category_name', '2022-03-28 12:25:03.925081'),
(24, 'pages', '0006_producer_category_alter_producer_discount_and_more', '2022-03-28 12:49:57.320429'),
(25, 'pages', '0007_brand_alter_producer_brand', '2022-03-28 14:04:20.341368'),
(26, 'pages', '0008_user_h_purchase_remove_brand_category_brand_category', '2022-03-28 16:53:38.454152'),
(27, 'pages', '0009_alter_producer_name', '2022-03-28 19:14:21.066485'),
(28, 'pages', '0010_remove_brand_category_brand_category_and_more', '2022-04-09 07:31:30.141764'),
(29, 'pages', '0011_alter_category_pcategory', '2022-04-09 07:46:39.602411'),
(30, 'pages', '0012_pcategory_alter_category_pcategory', '2022-04-09 07:51:07.350397'),
(31, 'pages', '0013_order_orderitem_product_brand_img_category_img_and_more', '2022-06-25 10:58:56.671776'),
(32, 'pages', '0014_alter_product_slug', '2022-06-25 11:10:36.138463'),
(33, 'pages', '0015_phones_pproduct_types_remove_orderitem_order_and_more', '2022-07-10 13:58:32.096543'),
(34, 'pages', '0016_alter_product_type', '2022-07-10 13:59:42.344096'),
(35, 'pages', '0017_alter_product_type', '2022-07-10 14:00:27.325996'),
(36, 'products', '0001_initial', '2022-07-10 17:31:37.055366'),
(37, 'pages', '0018_remove_types_phones_alter_product_type_delete_phones_and_more', '2022-07-10 17:31:39.811364'),
(38, 'pages', '0019_remove_product_type', '2022-07-15 15:44:07.765378'),
(39, 'products', '0002_det_delete_types', '2022-07-15 15:44:10.495497'),
(40, 'pages', '0020_product_det', '2022-07-15 15:44:12.583418'),
(41, 'pages', '0021_alter_brand_category', '2022-07-15 16:24:41.278099'),
(42, 'products', '0003_alter_det_type', '2022-07-15 16:24:41.343959'),
(43, 'products', '0004_phones_det_id', '2022-07-15 17:05:41.764405'),
(44, 'pages', '0022_product_rel_id', '2022-07-15 18:29:20.347110');

-- --------------------------------------------------------

--
-- بنية الجدول `django_session`
--

CREATE TABLE `django_session` (
  `session_key` varchar(40) NOT NULL,
  `session_data` longtext NOT NULL,
  `expire_date` datetime(6) NOT NULL
) ENGINE=InnoDB DEFAULT CHARSET=utf8mb4;

--
-- إرجاع أو استيراد بيانات الجدول `django_session`
--

INSERT INTO `django_session` (`session_key`, `session_data`, `expire_date`) VALUES
('b08qbpgvvhoauyxp0keejhencl1bfn0m', '.eJxVjEEOwiAQRe_C2hDLtAy4dN8zkAEGqRpISrsy3l1JutDtf-_9l3C0b9ntjVe3RHERIE6_m6fw4NJBvFO5VRlq2dbFy67IgzY518jP6-H-HWRqudeocGQkDyH5pLWxEaaQzgkUaoOsrR4ieVYWBjQYRkMGvpH2iJMJVrw_7G43pg:1o3TOG:1-2Tsmtnlg6SmiQxH7nDDi8ADZWkw1t-rHAE-bYwEfw', '2022-07-05 02:13:16.682567'),
('j1nlc750amx7754ttalzyr7eba5gb7df', '.eJxVjDsOwjAQBe_iGln-bWxT0nMGa3ft4ABypDipEHeHSCmgfTPzXiLhtta09bKkKYuzMOL0uxHyo7Qd5Du22yx5busykdwVedAur3Muz8vh_h1U7PVbR68ACXW2FhwYp70tjsNI4C2CU6iMUg44AlHUQRMzDmXwhkYmCEG8P8D1N18:1nd5ct:d7_FxLZQqdFSQY_fWm3degnzdSFhag8x61CiczJJSYY', '2022-04-23 07:35:19.926259'),
('omjm2nqimuhnh4x8hk7eomwk4iucospi', '.eJxVjMsOwiAQAP-FsyEujwIevfsNhGUXqRqalPZk_HdD0oNeZybzFjHtW4175zXOJC4CxOmXYcpPbkPQI7X7IvPStnVGORJ52C5vC_HrerR_g5p6HVsXXGY0gL4YYpO8DWriKSOdjdOoOAcwHCBYq5OhEhwqBwDFU9ZFi88X51g34w:1nYRbZ:QOtHlBVafprsBX3xQA66BWdHuptADxiLae95TYRTFeA', '2022-04-10 12:02:45.521739'),
('wxoqar0ib7ob1ibii4xw4095jrsrrdvw', '.eJxVjEEOwiAQRe_C2hDLtAy4dN8zkAEGqRpISrsy3l1JutDtf-_9l3C0b9ntjVe3RHERIE6_m6fw4NJBvFO5VRlq2dbFy67IgzY518jP6-H-HWRqudeocGQkDyH5pLWxEaaQzgkUaoOsrR4ieVYWBjQYRkMGvpH2iJMJVrw_7G43pg:1oAXPs:uSvi3wB6zlYXY5XF_rNwfCSA4XpYiraQiBYtkx-2K8Q', '2022-07-24 13:56:08.124997'),
('ycykm0lxxrb70gym0atrw6993u59sypb', '.eJxVjDsOwjAQBe_iGln-bWxT0nMGa3ft4ABypDipEHeHSCmgfTPzXiLhtta09bKkKYuzMOL0uxHyo7Qd5Du22yx5busykdwVedAur3Muz8vh_h1U7PVbR68ACXW2FhwYp70tjsNI4C2CU6iMUg44AlHUQRMzDmXwhkYmCEG8P8D1N18:1nd8RK:zchJcG_798T576GniTpMUFUmHnTfr0_8oMsYs8osdKU', '2022-04-23 10:35:34.125984');

-- --------------------------------------------------------

--
-- بنية الجدول `pages_brand`
--

CREATE TABLE `pages_brand` (
  `id` bigint(20) NOT NULL,
  `name` varchar(250) NOT NULL,
  `published_at` datetime(6) NOT NULL,
  `img` varchar(100) NOT NULL
) ENGINE=InnoDB DEFAULT CHARSET=utf8mb4;

--
-- إرجاع أو استيراد بيانات الجدول `pages_brand`
--

INSERT INTO `pages_brand` (`id`, `name`, `published_at`, `img`) VALUES
(1, 'apple', '2022-06-25 11:00:11.750772', 'img.png');

-- --------------------------------------------------------

--
-- بنية الجدول `pages_brand_category`
--

CREATE TABLE `pages_brand_category` (
  `id` bigint(20) NOT NULL,
  `brand_id` bigint(20) NOT NULL,
  `category_id` bigint(20) NOT NULL
) ENGINE=InnoDB DEFAULT CHARSET=utf8mb4;

--
-- إرجاع أو استيراد بيانات الجدول `pages_brand_category`
--

INSERT INTO `pages_brand_category` (`id`, `brand_id`, `category_id`) VALUES
(1, 1, 20),
(2, 1, 21),
(3, 1, 22);

-- --------------------------------------------------------

--
-- بنية الجدول `pages_category`
--

CREATE TABLE `pages_category` (
  `id` bigint(20) NOT NULL,
  `name` varchar(250) NOT NULL,
  `published_at` datetime(6) NOT NULL,
  `pcategory_id` bigint(20) DEFAULT NULL,
  `img` varchar(100) NOT NULL
) ENGINE=InnoDB DEFAULT CHARSET=utf8mb4;

--
-- إرجاع أو استيراد بيانات الجدول `pages_category`
--

INSERT INTO `pages_category` (`id`, `name`, `published_at`, `pcategory_id`, `img`) VALUES
(17, 'عطور رجالية', '2022-04-09 11:54:26.777605', 5, ' '),
(18, 'عطور نسائية', '2022-04-09 11:53:59.342212', 5, ' '),
(19, 'العناية بالبشرة', '2022-04-09 11:54:20.331571', 2, ' '),
(20, 'الهواتف', '2022-04-09 11:54:59.327497', 1, ' '),
(21, 'التابلت(الايباد)', '2022-04-09 11:55:33.589735', 1, ' '),
(22, 'اللابتوب', '2022-04-09 11:55:57.582500', 1, ' '),
(23, 'أجهزة الكمبيوتر المجمعة', '2022-04-09 11:56:48.975269', 1, ' '),
(24, 'قطع الكمبيوتر', '2022-04-09 11:56:34.379332', 1, ' '),
(25, 'الساعات الذكية', '2022-04-09 11:58:57.365951', 1, ' '),
(26, 'السماعات والميكروفون', '2022-04-09 11:59:35.871363', 1, ' '),
(27, 'الطابعات والفاكس', '2022-04-09 11:59:48.686792', 1, ' '),
(28, 'أجهزة التلفاز', '2022-04-09 12:00:04.565872', 1, ' '),
(29, 'شواحن الأجهزة', '2022-04-09 12:06:29.090142', 1, ' '),
(30, 'باور بانك', '2022-04-09 12:06:40.485954', 1, ' '),
(31, 'كاميرات التصوير الاحترافية', '2022-04-09 12:07:02.381113', 1, ' '),
(32, 'الحلاقة وتسريح الشعر', '2022-04-09 12:07:45.779821', 2, ' '),
(33, 'كريمات الشعر', '2022-04-09 12:07:55.085204', 2, ' '),
(34, 'ملابس نسائية', '2022-04-09 12:17:56.816516', 10, ' '),
(35, 'ملابس رجالية', '2022-04-09 12:18:16.152541', 10, ' '),
(36, 'الساعات', '2022-04-09 12:19:02.811035', 11, ' '),
(37, 'النظارات', '2022-04-09 12:19:29.524393', 11, ' '),
(38, 'الحقائب النسائية', '2022-04-09 12:19:52.318456', 10, ' '),
(39, 'الحقائب المدرسية', '2022-04-09 12:20:07.397552', 10, ' '),
(40, 'الأحذية الرياضية', '2022-04-09 12:20:25.665259', 9, ' '),
(41, 'الأحذية الرسمية', '2022-04-09 12:37:59.375198', 9, ' '),
(42, 'الأحذية الشبابية', '2022-04-09 12:21:26.516167', 9, ' '),
(43, 'الأحذية النسائية', '2022-04-09 12:21:43.740370', 9, ' '),
(44, 'احذية الأطفال', '2022-04-09 12:21:59.633319', 9, ' '),
(45, 'طعام القطط', '2022-04-09 12:26:48.733471', 12, ' '),
(46, 'طعام الكلاب', '2022-04-09 12:26:57.670421', 12, ' '),
(47, 'طعام العصافير', '2022-04-09 12:27:06.730365', 12, ' '),
(48, 'طعام الأسماك', '2022-04-09 12:27:19.498471', 12, ' '),
(49, 'الاطواق', '2022-04-09 12:30:01.430941', 12, ' '),
(50, 'الألعاب', '2022-04-09 12:29:34.725708', 12, ' '),
(51, 'المفارش والبيوت', '2022-04-09 12:29:21.079099', 12, ' '),
(52, 'أدوات الطعام', '2022-04-09 12:38:05.046039', 12, ' '),
(53, 'الحلويات', '2022-04-09 12:30:54.305972', 12, ' '),
(54, 'الشامبو والمنظفات', '2022-04-09 12:31:04.244891', 12, ' '),
(55, 'تمارين الكادريو', '2022-04-09 14:32:57.705536', 3, ' '),
(56, 'معدات القوة البدنية', '2022-04-09 14:33:03.764484', 3, ' '),
(57, 'اليوجا', '2022-04-09 14:33:09.707423', 3, ' '),
(58, 'الرياضات الجماعية', '2022-04-09 14:33:14.989946', 3, ' '),
(59, 'الجري والتمرين', '2022-04-09 14:33:19.852638', 3, ' '),
(60, 'الملاكمة والمصارعة', '2022-04-09 14:33:24.941380', 3, ' '),
(61, 'ركوب الدرجات', '2022-04-09 14:33:34.823373', 3, ' '),
(62, 'التخييم والرحلات', '2022-04-09 14:33:49.427307', 3, ' '),
(63, 'السباحة والرياضات المائية', '2022-04-09 14:34:01.834356', 3, ' '),
(64, 'العاب البناء', '2022-04-10 15:19:22.447151', 4, ' '),
(65, 'الفنون والحرف', '2022-04-10 15:20:05.483881', 4, ' '),
(66, 'الدمي واكسسوارتها', '2022-04-10 15:20:14.688675', 4, ' '),
(67, 'شخصيات وتماثيل', '2022-04-10 15:20:20.719658', 4, ' '),
(68, 'الرياضة والألعاب الخارجية', '2022-04-10 15:20:41.635661', 4, ' '),
(69, 'مركبات بجهاز تحكم عن بعد', '2022-04-10 15:20:47.377649', 4, ' '),
(70, 'درجات وسكوترات وعربات', '2022-04-10 15:21:05.803514', 4, ' '),
(71, 'العاب اطفال', '2022-04-10 15:21:12.309755', 4, ' '),
(72, 'العاب الطاولة', '2022-04-10 15:21:15.427449', NULL, ' '),
(73, 'ملابس واحذية اطفال', '2022-04-10 15:22:51.320318', 10, ' '),
(74, 'ملابس الحمل', '2022-04-10 15:23:00.442738', 10, ' '),
(75, 'العناية الصحية', '2022-04-10 15:34:30.235787', 13, ' '),
(76, 'اسعافات اولية', '2022-04-10 15:34:39.608743', 13, ' '),
(77, 'ماسكات الوجه', '2022-04-10 15:34:53.882081', 2, ' '),
(78, 'المستلزمات الطبية اليومية', '2022-04-10 15:34:58.749008', 13, ' '),
(79, 'موازين الحرارة', '2022-04-10 15:35:03.694766', 13, ' '),
(80, 'الفيتامينات والمكملات الغذائية', '2022-04-10 15:35:08.146094', 13, ' '),
(81, 'التغذية بالأعشاب', '2022-04-10 15:35:16.304825', 13, ' '),
(82, 'الصحة والتخلص من السموم', '2022-04-10 15:35:20.898809', 13, ' '),
(83, 'التدليك والاسترخاء', '2022-04-10 15:35:32.701748', 13, ' '),
(84, 'اجهزة مراقبة الصحة', '2022-04-10 15:35:44.618692', 13, ' '),
(85, 'الموازين', '2022-04-10 15:35:51.878710', 13, ' '),
(86, 'المعقمات', '2022-04-10 15:35:57.214654', 13, ' '),
(87, 'التغذية الرياضية', '2022-04-10 15:36:04.374663', 13, ' '),
(88, 'الكتب والروايات', '2022-04-10 15:37:14.575825', 8, ' '),
(89, 'كتب خيالية', '2022-04-10 15:37:53.833445', 8, ' '),
(90, 'كتب أطفال', '2022-04-10 15:38:01.475513', 8, ' '),
(91, 'مال واعمال', '2022-04-10 15:38:08.803290', 8, ' '),
(92, 'سير ذاتية', '2022-04-10 15:38:15.539471', 8, ' '),
(93, 'الجريمة والغموض', '2022-04-10 15:38:41.332611', 8, ' '),
(94, 'التاريخ', '2022-04-10 15:38:48.086432', 8, ' '),
(95, 'المراجع', '2022-04-10 15:38:55.697292', 8, ' '),
(96, 'تطوير الذات', '2022-04-10 15:39:22.619252', 8, ' '),
(97, 'كتب الطهي', '2022-04-10 15:39:36.294104', 8, ' '),
(98, 'الكتب المدرسية', '2022-04-10 15:39:51.404170', 8, ' '),
(99, 'ملازم التوجيهي', '2022-04-10 15:40:54.652032', 8, ' '),
(100, 'طابعات', '2022-04-10 15:41:14.380155', 7, ' '),
(101, 'احبار', '2022-04-10 15:41:19.103077', 7, ' '),
(102, 'مستلزمات الفنون والحرف اليدوية', '2022-04-10 15:41:26.579284', 7, ' '),
(103, 'الأقلام والعبوات', '2022-04-10 15:41:43.160542', 7, ' '),
(104, 'أقلام الماركر والتظليل', '2022-04-10 15:41:56.620927', 7, ' '),
(105, 'الاكسسوارات وادوات تنظيم المكتب', '2022-04-10 15:42:03.486009', 7, ' '),
(106, 'أجهزة القطع والقياس', '2022-04-10 15:42:18.830844', 7, ' '),
(107, 'phones', '2022-07-15 16:22:37.214979', 1, '61pXN5qJ4XL._AC_UY218_.jpg');

-- --------------------------------------------------------

--
-- بنية الجدول `pages_pcategory`
--

CREATE TABLE `pages_pcategory` (
  `id` bigint(20) NOT NULL,
  `name` varchar(250) NOT NULL,
  `published_at` datetime(6) NOT NULL,
  `img` varchar(100) NOT NULL
) ENGINE=InnoDB DEFAULT CHARSET=utf8mb4;

--
-- إرجاع أو استيراد بيانات الجدول `pages_pcategory`
--

INSERT INTO `pages_pcategory` (`id`, `name`, `published_at`, `img`) VALUES
(1, 'الإلكترونيات والهواتف', '2022-04-09 09:11:05.253646', ' '),
(2, 'الجمال والعناية', '2022-04-09 10:36:41.376046', ' '),
(3, 'الرياضة والأنشطة الخارجية', '2022-04-09 10:37:05.597978', ' '),
(4, 'الألعاب', '2022-04-09 10:37:40.975942', ' '),
(5, 'العطور والبخور', '2022-04-09 11:58:21.454024', ' '),
(6, 'الألعاب الإلكترونية وأجهزتها', '2022-04-09 11:42:27.531055', ' '),
(7, 'لوازم مكتبية', '2022-04-09 11:43:28.908245', ' '),
(8, 'الكنب والكراسات المدرسية', '2022-04-09 11:47:03.961579', ' '),
(9, 'الأحذية الماركة', '2022-04-09 11:51:26.336998', ' '),
(10, 'الملابس', '2022-04-09 12:08:56.897481', ' '),
(11, 'الساعات والخواتم والحلي', '2022-04-09 12:18:56.313505', ' '),
(12, 'مستلزمات الحيوانات الأليفة', '2022-04-09 12:26:43.071485', ' '),
(13, 'الصحة', '2022-04-10 15:34:22.159809', ' ');

-- --------------------------------------------------------

--
-- بنية الجدول `pages_pproduct`
--

CREATE TABLE `pages_pproduct` (
  `id` bigint(20) NOT NULL,
  `name` varchar(250) NOT NULL,
  `Product_number` int(11) DEFAULT NULL,
  `published_at` datetime(6) NOT NULL,
  `Brand_id` bigint(20) DEFAULT NULL,
  `Category_id` bigint(20) DEFAULT NULL
) ENGINE=InnoDB DEFAULT CHARSET=utf8mb4;

--
-- إرجاع أو استيراد بيانات الجدول `pages_pproduct`
--

INSERT INTO `pages_pproduct` (`id`, `name`, `Product_number`, `published_at`, `Brand_id`, `Category_id`) VALUES
(1, 'iphon-13-pro-max', 798079, '2022-07-10 19:45:17.103479', 1, 20);

-- --------------------------------------------------------

--
-- بنية الجدول `pages_product`
--

CREATE TABLE `pages_product` (
  `id` bigint(20) NOT NULL,
  `name` varchar(250) NOT NULL,
  `Product_number` int(11) DEFAULT NULL,
  `published_at` datetime(6) NOT NULL,
  `bio` longtext NOT NULL,
  `price` int(11) NOT NULL,
  `lprice` int(11) DEFAULT NULL,
  `Discount` int(11) DEFAULT NULL,
  `img` varchar(100) NOT NULL,
  `slug` varchar(50) DEFAULT NULL,
  `Brand_id` bigint(20) DEFAULT NULL,
  `Category_id` bigint(20) DEFAULT NULL,
  `Pproduct_id` bigint(20) DEFAULT NULL,
  `det_id` bigint(20) DEFAULT NULL,
  `rel_id` int(11) NOT NULL
) ENGINE=InnoDB DEFAULT CHARSET=utf8mb4;

--
-- إرجاع أو استيراد بيانات الجدول `pages_product`
--

INSERT INTO `pages_product` (`id`, `name`, `Product_number`, `published_at`, `bio`, `price`, `lprice`, `Discount`, `img`, `slug`, `Brand_id`, `Category_id`, `Pproduct_id`, `det_id`, `rel_id`) VALUES
(1, 'سماعة ابل ايربود برو الاصدرا الثالث apple Airbods pro3', 564658, '2022-06-25 12:22:17.529674', 'سماعة ابل ايربود برو الاصدرا الثالث apple Airbods pro3', 800, 1000, 15, 'product/71zny7BTRlL._AC_UY218_.jpg', 'apple-airbods-pro3', 1, 26, NULL, NULL, 1),
(2, 'iphon-13-pro-max-gold', 942835, '2022-07-15 18:30:25.328391', 'ايفون 13 برو ماكس 256 جيجا بايت , نسخة عالمية , لون ذهبي', 3000, 4000, 10, 'product/81IwMu10VfL._AC_UL320_.jpg', 'iphon-13-pro-max-gold', 1, 107, 1, 1, 2),
(6, 'iphon-13-pro-max-blue', 125929, '2022-07-15 18:30:16.132411', 'ايفون 13 برو ماكس 64 غيغابايت نسخة عربية لون ازرق سماوي', 2500, 3000, 7, 'product/712yl2wTDbL._AC_UY218__dT9tbex.jpg', 'iphon-13-pro-max-blue', 1, 107, 1, 2, 3),
(7, 'iphon-13-pro-max-purbel', 549368, '2022-07-15 18:30:07.004091', 'ايفون 13 برو ماكس 512 جيجا بايت ,نسخة امريكية , لون بنفسجي', 2000, NULL, NULL, 'product/71xn9bCRfhL._AC_UY218_.jpg', 'iphon-13-pro-max-purbel', 1, 107, 1, 3, 4);

-- --------------------------------------------------------

--
-- بنية الجدول `pages_user`
--

CREATE TABLE `pages_user` (
  `id` bigint(20) NOT NULL,
  `email` varchar(20) NOT NULL,
  `age` int(11) NOT NULL,
  `gender` varchar(20) NOT NULL,
  `password` varchar(50) NOT NULL,
  `phone` int(11) NOT NULL,
  `fname` varchar(10) NOT NULL,
  `lname` varchar(10) NOT NULL,
  `published_at` datetime(6) NOT NULL,
  `h_purchase` tinyint(1) NOT NULL
) ENGINE=InnoDB DEFAULT CHARSET=utf8mb4;

-- --------------------------------------------------------

--
-- بنية الجدول `products_det`
--

CREATE TABLE `products_det` (
  `id` bigint(20) NOT NULL,
  `type` varchar(250) NOT NULL,
  `phones_id` bigint(20) DEFAULT NULL
) ENGINE=InnoDB DEFAULT CHARSET=utf8mb4;

--
-- إرجاع أو استيراد بيانات الجدول `products_det`
--

INSERT INTO `products_det` (`id`, `type`, `phones_id`) VALUES
(1, 'phones', 2),
(2, 'phones', 3),
(3, 'phones', 4),
(4, 'phones', 5),
(5, 'phones', 6);

-- --------------------------------------------------------

--
-- بنية الجدول `products_phones`
--

CREATE TABLE `products_phones` (
  `id` bigint(20) NOT NULL,
  `version` varchar(250) DEFAULT NULL,
  `internal_memory` varchar(250) DEFAULT NULL,
  `model_color` varchar(250) DEFAULT NULL,
  `sim_nm` int(11) DEFAULT NULL,
  `g_type` int(11) DEFAULT NULL,
  `det_id` int(11) DEFAULT NULL
) ENGINE=InnoDB DEFAULT CHARSET=utf8mb4;

--
-- إرجاع أو استيراد بيانات الجدول `products_phones`
--

INSERT INTO `products_phones` (`id`, `version`, `internal_memory`, `model_color`, `sim_nm`, `g_type`, `det_id`) VALUES
(2, 'عالمية', '256', 'ذهبي', 2, 5, NULL),
(3, 'عربية', '64', 'ازرق سماوي', 1, 4, NULL),
(4, 'امريكية', '512', 'بنفسجي', 2, 5, NULL),
(5, 'تجريبي', '512', 'تجريبي', 1, 1, NULL),
(6, 'عربية', '64', 'عربية', 1, 1, NULL);

--
-- Indexes for dumped tables
--

--
-- Indexes for table `auth_group`
--
ALTER TABLE `auth_group`
  ADD PRIMARY KEY (`id`),
  ADD UNIQUE KEY `name` (`name`);

--
-- Indexes for table `auth_group_permissions`
--
ALTER TABLE `auth_group_permissions`
  ADD PRIMARY KEY (`id`),
  ADD UNIQUE KEY `auth_group_permissions_group_id_permission_id_0cd325b0_uniq` (`group_id`,`permission_id`),
  ADD KEY `auth_group_permissio_permission_id_84c5c92e_fk_auth_perm` (`permission_id`);

--
-- Indexes for table `auth_permission`
--
ALTER TABLE `auth_permission`
  ADD PRIMARY KEY (`id`),
  ADD UNIQUE KEY `auth_permission_content_type_id_codename_01ab375a_uniq` (`content_type_id`,`codename`);

--
-- Indexes for table `auth_user`
--
ALTER TABLE `auth_user`
  ADD PRIMARY KEY (`id`),
  ADD UNIQUE KEY `username` (`username`);

--
-- Indexes for table `auth_user_groups`
--
ALTER TABLE `auth_user_groups`
  ADD PRIMARY KEY (`id`),
  ADD UNIQUE KEY `auth_user_groups_user_id_group_id_94350c0c_uniq` (`user_id`,`group_id`),
  ADD KEY `auth_user_groups_group_id_97559544_fk_auth_group_id` (`group_id`);

--
-- Indexes for table `auth_user_user_permissions`
--
ALTER TABLE `auth_user_user_permissions`
  ADD PRIMARY KEY (`id`),
  ADD UNIQUE KEY `auth_user_user_permissions_user_id_permission_id_14a6b632_uniq` (`user_id`,`permission_id`),
  ADD KEY `auth_user_user_permi_permission_id_1fbb5f2c_fk_auth_perm` (`permission_id`);

--
-- Indexes for table `django_admin_log`
--
ALTER TABLE `django_admin_log`
  ADD PRIMARY KEY (`id`),
  ADD KEY `django_admin_log_content_type_id_c4bce8eb_fk_django_co` (`content_type_id`),
  ADD KEY `django_admin_log_user_id_c564eba6_fk_auth_user_id` (`user_id`);

--
-- Indexes for table `django_content_type`
--
ALTER TABLE `django_content_type`
  ADD PRIMARY KEY (`id`),
  ADD UNIQUE KEY `django_content_type_app_label_model_76bd3d3b_uniq` (`app_label`,`model`);

--
-- Indexes for table `django_migrations`
--
ALTER TABLE `django_migrations`
  ADD PRIMARY KEY (`id`);

--
-- Indexes for table `django_session`
--
ALTER TABLE `django_session`
  ADD PRIMARY KEY (`session_key`),
  ADD KEY `django_session_expire_date_a5c62663` (`expire_date`);

--
-- Indexes for table `pages_brand`
--
ALTER TABLE `pages_brand`
  ADD PRIMARY KEY (`id`);

--
-- Indexes for table `pages_brand_category`
--
ALTER TABLE `pages_brand_category`
  ADD PRIMARY KEY (`id`),
  ADD UNIQUE KEY `pages_brand_category_brand_id_category_id_faaf01a5_uniq` (`brand_id`,`category_id`),
  ADD KEY `pages_brand_category_category_id_ff4ec471_fk_pages_category_id` (`category_id`);

--
-- Indexes for table `pages_category`
--
ALTER TABLE `pages_category`
  ADD PRIMARY KEY (`id`),
  ADD KEY `pages_category_pcategory_id_4cf33ebf_fk_pages_pcategory_id` (`pcategory_id`);

--
-- Indexes for table `pages_pcategory`
--
ALTER TABLE `pages_pcategory`
  ADD PRIMARY KEY (`id`);

--
-- Indexes for table `pages_pproduct`
--
ALTER TABLE `pages_pproduct`
  ADD PRIMARY KEY (`id`),
  ADD UNIQUE KEY `Product_number` (`Product_number`),
  ADD KEY `pages_pproduct_Category_id_6468c48b_fk_pages_category_id` (`Category_id`),
  ADD KEY `pages_pproduct_Brand_id_8fb505f0_fk_pages_brand_id` (`Brand_id`);

--
-- Indexes for table `pages_product`
--
ALTER TABLE `pages_product`
  ADD PRIMARY KEY (`id`),
  ADD UNIQUE KEY `Product_number` (`Product_number`),
  ADD UNIQUE KEY `slug` (`slug`),
  ADD UNIQUE KEY `det_id` (`det_id`),
  ADD KEY `pages_product_Brand_id_cc3e0c6a_fk_pages_brand_id` (`Brand_id`),
  ADD KEY `pages_product_Category_id_37ecd110_fk_pages_category_id` (`Category_id`),
  ADD KEY `pages_product_Pproduct_id_72563bcd_fk_pages_pproduct_id` (`Pproduct_id`);

--
-- Indexes for table `pages_user`
--
ALTER TABLE `pages_user`
  ADD PRIMARY KEY (`id`);

--
-- Indexes for table `products_det`
--
ALTER TABLE `products_det`
  ADD PRIMARY KEY (`id`),
  ADD UNIQUE KEY `phones_id` (`phones_id`);

--
-- Indexes for table `products_phones`
--
ALTER TABLE `products_phones`
  ADD PRIMARY KEY (`id`);

--
-- AUTO_INCREMENT for dumped tables
--

--
-- AUTO_INCREMENT for table `auth_group`
--
ALTER TABLE `auth_group`
  MODIFY `id` int(11) NOT NULL AUTO_INCREMENT;

--
-- AUTO_INCREMENT for table `auth_group_permissions`
--
ALTER TABLE `auth_group_permissions`
  MODIFY `id` bigint(20) NOT NULL AUTO_INCREMENT;

--
-- AUTO_INCREMENT for table `auth_permission`
--
ALTER TABLE `auth_permission`
  MODIFY `id` int(11) NOT NULL AUTO_INCREMENT, AUTO_INCREMENT=81;

--
-- AUTO_INCREMENT for table `auth_user`
--
ALTER TABLE `auth_user`
  MODIFY `id` int(11) NOT NULL AUTO_INCREMENT, AUTO_INCREMENT=4;

--
-- AUTO_INCREMENT for table `auth_user_groups`
--
ALTER TABLE `auth_user_groups`
  MODIFY `id` bigint(20) NOT NULL AUTO_INCREMENT;

--
-- AUTO_INCREMENT for table `auth_user_user_permissions`
--
ALTER TABLE `auth_user_user_permissions`
  MODIFY `id` bigint(20) NOT NULL AUTO_INCREMENT;

--
-- AUTO_INCREMENT for table `django_admin_log`
--
ALTER TABLE `django_admin_log`
  MODIFY `id` int(11) NOT NULL AUTO_INCREMENT, AUTO_INCREMENT=191;

--
-- AUTO_INCREMENT for table `django_content_type`
--
ALTER TABLE `django_content_type`
  MODIFY `id` int(11) NOT NULL AUTO_INCREMENT, AUTO_INCREMENT=21;

--
-- AUTO_INCREMENT for table `django_migrations`
--
ALTER TABLE `django_migrations`
  MODIFY `id` bigint(20) NOT NULL AUTO_INCREMENT, AUTO_INCREMENT=45;

--
-- AUTO_INCREMENT for table `pages_brand`
--
ALTER TABLE `pages_brand`
  MODIFY `id` bigint(20) NOT NULL AUTO_INCREMENT, AUTO_INCREMENT=2;

--
-- AUTO_INCREMENT for table `pages_brand_category`
--
ALTER TABLE `pages_brand_category`
  MODIFY `id` bigint(20) NOT NULL AUTO_INCREMENT, AUTO_INCREMENT=4;

--
-- AUTO_INCREMENT for table `pages_category`
--
ALTER TABLE `pages_category`
  MODIFY `id` bigint(20) NOT NULL AUTO_INCREMENT, AUTO_INCREMENT=108;

--
-- AUTO_INCREMENT for table `pages_pcategory`
--
ALTER TABLE `pages_pcategory`
  MODIFY `id` bigint(20) NOT NULL AUTO_INCREMENT, AUTO_INCREMENT=14;

--
-- AUTO_INCREMENT for table `pages_pproduct`
--
ALTER TABLE `pages_pproduct`
  MODIFY `id` bigint(20) NOT NULL AUTO_INCREMENT, AUTO_INCREMENT=2;

--
-- AUTO_INCREMENT for table `pages_product`
--
ALTER TABLE `pages_product`
  MODIFY `id` bigint(20) NOT NULL AUTO_INCREMENT, AUTO_INCREMENT=8;

--
-- AUTO_INCREMENT for table `pages_user`
--
ALTER TABLE `pages_user`
  MODIFY `id` bigint(20) NOT NULL AUTO_INCREMENT;

--
-- AUTO_INCREMENT for table `products_det`
--
ALTER TABLE `products_det`
  MODIFY `id` bigint(20) NOT NULL AUTO_INCREMENT, AUTO_INCREMENT=6;

--
-- AUTO_INCREMENT for table `products_phones`
--
ALTER TABLE `products_phones`
  MODIFY `id` bigint(20) NOT NULL AUTO_INCREMENT, AUTO_INCREMENT=7;

--
-- قيود الجداول المحفوظة
--

--
-- القيود للجدول `auth_group_permissions`
--
ALTER TABLE `auth_group_permissions`
  ADD CONSTRAINT `auth_group_permissio_permission_id_84c5c92e_fk_auth_perm` FOREIGN KEY (`permission_id`) REFERENCES `auth_permission` (`id`),
  ADD CONSTRAINT `auth_group_permissions_group_id_b120cbf9_fk_auth_group_id` FOREIGN KEY (`group_id`) REFERENCES `auth_group` (`id`);

--
-- القيود للجدول `auth_permission`
--
ALTER TABLE `auth_permission`
  ADD CONSTRAINT `auth_permission_content_type_id_2f476e4b_fk_django_co` FOREIGN KEY (`content_type_id`) REFERENCES `django_content_type` (`id`);

--
-- القيود للجدول `auth_user_groups`
--
ALTER TABLE `auth_user_groups`
  ADD CONSTRAINT `auth_user_groups_group_id_97559544_fk_auth_group_id` FOREIGN KEY (`group_id`) REFERENCES `auth_group` (`id`),
  ADD CONSTRAINT `auth_user_groups_user_id_6a12ed8b_fk_auth_user_id` FOREIGN KEY (`user_id`) REFERENCES `auth_user` (`id`);

--
-- القيود للجدول `auth_user_user_permissions`
--
ALTER TABLE `auth_user_user_permissions`
  ADD CONSTRAINT `auth_user_user_permi_permission_id_1fbb5f2c_fk_auth_perm` FOREIGN KEY (`permission_id`) REFERENCES `auth_permission` (`id`),
  ADD CONSTRAINT `auth_user_user_permissions_user_id_a95ead1b_fk_auth_user_id` FOREIGN KEY (`user_id`) REFERENCES `auth_user` (`id`);

--
-- القيود للجدول `django_admin_log`
--
ALTER TABLE `django_admin_log`
  ADD CONSTRAINT `django_admin_log_content_type_id_c4bce8eb_fk_django_co` FOREIGN KEY (`content_type_id`) REFERENCES `django_content_type` (`id`),
  ADD CONSTRAINT `django_admin_log_user_id_c564eba6_fk_auth_user_id` FOREIGN KEY (`user_id`) REFERENCES `auth_user` (`id`);

--
-- القيود للجدول `pages_brand_category`
--
ALTER TABLE `pages_brand_category`
  ADD CONSTRAINT `pages_brand_category_brand_id_f3703fe9_fk_pages_brand_id` FOREIGN KEY (`brand_id`) REFERENCES `pages_brand` (`id`),
  ADD CONSTRAINT `pages_brand_category_category_id_ff4ec471_fk_pages_category_id` FOREIGN KEY (`category_id`) REFERENCES `pages_category` (`id`);

--
-- القيود للجدول `pages_category`
--
ALTER TABLE `pages_category`
  ADD CONSTRAINT `pages_category_pcategory_id_4cf33ebf_fk_pages_pcategory_id` FOREIGN KEY (`pcategory_id`) REFERENCES `pages_pcategory` (`id`);

--
-- القيود للجدول `pages_pproduct`
--
ALTER TABLE `pages_pproduct`
  ADD CONSTRAINT `pages_pproduct_Brand_id_8fb505f0_fk_pages_brand_id` FOREIGN KEY (`Brand_id`) REFERENCES `pages_brand` (`id`),
  ADD CONSTRAINT `pages_pproduct_Category_id_6468c48b_fk_pages_category_id` FOREIGN KEY (`Category_id`) REFERENCES `pages_category` (`id`);

--
-- القيود للجدول `pages_product`
--
ALTER TABLE `pages_product`
  ADD CONSTRAINT `pages_product_Brand_id_cc3e0c6a_fk_pages_brand_id` FOREIGN KEY (`Brand_id`) REFERENCES `pages_brand` (`id`),
  ADD CONSTRAINT `pages_product_Category_id_37ecd110_fk_pages_category_id` FOREIGN KEY (`Category_id`) REFERENCES `pages_category` (`id`),
  ADD CONSTRAINT `pages_product_Pproduct_id_72563bcd_fk_pages_pproduct_id` FOREIGN KEY (`Pproduct_id`) REFERENCES `pages_pproduct` (`id`),
  ADD CONSTRAINT `pages_product_det_id_024e829a_fk_products_det_id` FOREIGN KEY (`det_id`) REFERENCES `products_det` (`id`);

--
-- القيود للجدول `products_det`
--
ALTER TABLE `products_det`
  ADD CONSTRAINT `products_det_phones_id_603b1b33_fk_products_phones_id` FOREIGN KEY (`phones_id`) REFERENCES `products_phones` (`id`);
COMMIT;

/*!40101 SET CHARACTER_SET_CLIENT=@OLD_CHARACTER_SET_CLIENT */;
/*!40101 SET CHARACTER_SET_RESULTS=@OLD_CHARACTER_SET_RESULTS */;
/*!40101 SET COLLATION_CONNECTION=@OLD_COLLATION_CONNECTION */;
